{"nasonfish-1": {"multiword": false, "value": 2830, "expiry": 1399171144.549678}, "whatever": {"multiword": false, "value": 2830, "expiry": 1399171144.550031}}